<?xml version="1.0" standalone="yes"?>
<VersionUp>
  <FileList>
    <Version>1150201</Version>
    <FileName>help\css\default.css</FileName>
  </FileList>
  <FileList>
    <Version>1150201</Version>
    <FileName>help\css\function.css</FileName>
  </FileList>
  <FileList>
    <Version>1150201</Version>
    <FileName>help\css\gui.css</FileName>
  </FileList>
  <FileList>
    <Version>1150201</Version>
    <FileName>help\css\hajimeni.css</FileName>
  </FileList>
  <FileList>
    <Version>1150201</Version>
    <FileName>help\css\install.css</FileName>
  </FileList>
  <FileList>
    <Version>1150201</Version>
    <FileName>help\css\tbledit.css</FileName>
  </FileList>
  <FileList>
    <Version>1150201</Version>
    <FileName>help\css\top.css</FileName>
  </FileList>
  <FileList>
    <Version>1150201</Version>
    <FileName>help\function\blob.html</FileName>
  </FileList>
  <FileList>
    <Version>1150201</Version>
    <FileName>help\function\dgwinedit.html</FileName>
  </FileList>
  <FileList>
    <Version>1150201</Version>
    <FileName>help\function\excel2existtbl.html</FileName>
  </FileList>
  <FileList>
    <Version>1150201</Version>
    <FileName>help\function\excel2newdb.html</FileName>
  </FileList>
  <FileList>
    <Version>1150201</Version>
    <FileName>help\function\excel2newtbl.html</FileName>
  </FileList>
  <FileList>
    <Version>1150201</Version>
    <FileName>help\function\filter.html</FileName>
  </FileList>
  <FileList>
    <Version>1150201</Version>
    <FileName>help\function\hikaku.html</FileName>
  </FileList>
  <FileList>
    <Version>1150201</Version>
    <FileName>help\function\mdb2existtbl.html</FileName>
  </FileList>
  <FileList>
    <Version>1150201</Version>
    <FileName>help\function\mdb2newdb.html</FileName>
  </FileList>
  <FileList>
    <Version>1150201</Version>
    <FileName>help\function\mdb2newtbl.html</FileName>
  </FileList>
  <FileList>
    <Version>1150201</Version>
    <FileName>help\function\new.html</FileName>
  </FileList>
  <FileList>
    <Version>1150201</Version>
    <FileName>help\function\newview.html</FileName>
  </FileList>
  <FileList>
    <Version>1150201</Version>
    <FileName>help\function\opendb.html</FileName>
  </FileList>
  <FileList>
    <Version>1150201</Version>
    <FileName>help\function\opentbl.html</FileName>
  </FileList>
  <FileList>
    <Version>1150201</Version>
    <FileName>help\function\option.html</FileName>
  </FileList>
  <FileList>
    <Version>1150201</Version>
    <FileName>help\function\other.html</FileName>
  </FileList>
  <FileList>
    <Version>1150201</Version>
    <FileName>help\function\otherfunction.html</FileName>
  </FileList>
  <FileList>
    <Version>1150201</Version>
    <FileName>help\function\readcsv.html</FileName>
  </FileList>
  <FileList>
    <Version>1150201</Version>
    <FileName>help\function\readexcel.html</FileName>
  </FileList>
  <FileList>
    <Version>1150201</Version>
    <FileName>help\function\readmdb.html</FileName>
  </FileList>
  <FileList>
    <Version>1150201</Version>
    <FileName>help\function\readxml.html</FileName>
  </FileList>
  <FileList>
    <Version>1150201</Version>
    <FileName>help\function\runsql.html</FileName>
  </FileList>
  <FileList>
    <Version>1150201</Version>
    <FileName>help\function\save.html</FileName>
  </FileList>
  <FileList>
    <Version>1150201</Version>
    <FileName>help\function\search.html</FileName>
  </FileList>
  <FileList>
    <Version>1150201</Version>
    <FileName>help\function\template.html</FileName>
  </FileList>
  <FileList>
    <Version>1150201</Version>
    <FileName>help\function\trigger.html</FileName>
  </FileList>
  <FileList>
    <Version>1150201</Version>
    <FileName>help\function\where.html</FileName>
  </FileList>
  <FileList>
    <Version>1150201</Version>
    <FileName>help\function\xml2existtbl.html</FileName>
  </FileList>
  <FileList>
    <Version>1150201</Version>
    <FileName>help\function\xml2newdb.html</FileName>
  </FileList>
  <FileList>
    <Version>1150201</Version>
    <FileName>help\function\xml2newtbl.html</FileName>
  </FileList>
  <FileList>
    <Version>1150201</Version>
    <FileName>help\gui\dgwin.html</FileName>
  </FileList>
  <FileList>
    <Version>1150201</Version>
    <FileName>help\gui\mainwin.html</FileName>
  </FileList>
  <FileList>
    <Version>1150201</Version>
    <FileName>help\gui\newtablewin.html</FileName>
  </FileList>
  <FileList>
    <Version>1150201</Version>
    <FileName>help\gui\tablewin.html</FileName>
  </FileList>
  <FileList>
    <Version>1150201</Version>
    <FileName>help\gui\viewwin.html</FileName>
  </FileList>
  <FileList>
    <Version>1150201</Version>
    <FileName>help\image\addfield.gif</FileName>
  </FileList>
  <FileList>
    <Version>1150201</Version>
    <FileName>help\image\back.gif</FileName>
  </FileList>
  <FileList>
    <Version>1150201</Version>
    <FileName>help\image\binaryviewer.gif</FileName>
  </FileList>
  <FileList>
    <Version>1150201</Version>
    <FileName>help\image\binaryviewer2.gif</FileName>
  </FileList>
  <FileList>
    <Version>1150201</Version>
    <FileName>help\image\blob01.gif</FileName>
  </FileList>
  <FileList>
    <Version>1150201</Version>
    <FileName>help\image\blob02.gif</FileName>
  </FileList>
  <FileList>
    <Version>1150201</Version>
    <FileName>help\image\blob03.gif</FileName>
  </FileList>
  <FileList>
    <Version>1150201</Version>
    <FileName>help\image\blob04.gif</FileName>
  </FileList>
  <FileList>
    <Version>1150201</Version>
    <FileName>help\image\breaksearch.gif</FileName>
  </FileList>
  <FileList>
    <Version>1150201</Version>
    <FileName>help\image\column.gif</FileName>
  </FileList>
  <FileList>
    <Version>1150201</Version>
    <FileName>help\image\columnname.gif</FileName>
  </FileList>
  <FileList>
    <Version>1150201</Version>
    <FileName>help\image\complexityfilter.gif</FileName>
  </FileList>
  <FileList>
    <Version>1150201</Version>
    <FileName>help\image\csv2existtbl.gif</FileName>
  </FileList>
  <FileList>
    <Version>1150201</Version>
    <FileName>help\image\csv2newdb.gif</FileName>
  </FileList>
  <FileList>
    <Version>1150201</Version>
    <FileName>help\image\csv2newtbl.gif</FileName>
  </FileList>
  <FileList>
    <Version>1150201</Version>
    <FileName>help\image\csvicon.gif</FileName>
  </FileList>
  <FileList>
    <Version>1150201</Version>
    <FileName>help\image\csvreaderror.gif</FileName>
  </FileList>
  <FileList>
    <Version>1150201</Version>
    <FileName>help\image\dgwin.gif</FileName>
  </FileList>
  <FileList>
    <Version>1150201</Version>
    <FileName>help\image\dgwinedit.gif</FileName>
  </FileList>
  <FileList>
    <Version>1150201</Version>
    <FileName>help\image\editfilter.gif</FileName>
  </FileList>
  <FileList>
    <Version>1150201</Version>
    <FileName>help\image\excel2exsittbl.gif</FileName>
  </FileList>
  <FileList>
    <Version>1150201</Version>
    <FileName>help\image\excel2newdb.gif</FileName>
  </FileList>
  <FileList>
    <Version>1150201</Version>
    <FileName>help\image\excel2newtbl.gif</FileName>
  </FileList>
  <FileList>
    <Version>1150201</Version>
    <FileName>help\image\excel2tblwin.gif</FileName>
  </FileList>
  <FileList>
    <Version>1150201</Version>
    <FileName>help\image\excelicon.gif</FileName>
  </FileList>
  <FileList>
    <Version>1150201</Version>
    <FileName>help\image\filtermenu.gif</FileName>
  </FileList>
  <FileList>
    <Version>1150201</Version>
    <FileName>help\image\fldcollation.gif</FileName>
  </FileList>
  <FileList>
    <Version>1150201</Version>
    <FileName>help\image\fldcollationmdb.gif</FileName>
  </FileList>
  <FileList>
    <Version>1150201</Version>
    <FileName>help\image\fldcollationxls.gif</FileName>
  </FileList>
  <FileList>
    <Version>1150201</Version>
    <FileName>help\image\fldedit.gif</FileName>
  </FileList>
  <FileList>
    <Version>1150201</Version>
    <FileName>help\image\fldediticon.gif</FileName>
  </FileList>
  <FileList>
    <Version>1150201</Version>
    <FileName>help\image\fldeditwin.gif</FileName>
  </FileList>
  <FileList>
    <Version>1150201</Version>
    <FileName>help\image\gui.gif</FileName>
  </FileList>
  <FileList>
    <Version>1150201</Version>
    <FileName>help\image\gui.png</FileName>
  </FileList>
  <FileList>
    <Version>1150201</Version>
    <FileName>help\image\hikaku.gif</FileName>
  </FileList>
  <FileList>
    <Version>1150201</Version>
    <FileName>help\image\hikaku1.gif</FileName>
  </FileList>
  <FileList>
    <Version>1150201</Version>
    <FileName>help\image\hikaku2.gif</FileName>
  </FileList>
  <FileList>
    <Version>1150201</Version>
    <FileName>help\image\hikaku3.gif</FileName>
  </FileList>
  <FileList>
    <Version>1150201</Version>
    <FileName>help\image\hikakubtn1.gif</FileName>
  </FileList>
  <FileList>
    <Version>1150201</Version>
    <FileName>help\image\hikakubtn2.gif</FileName>
  </FileList>
  <FileList>
    <Version>1150201</Version>
    <FileName>help\image\hikakubtn3.gif</FileName>
  </FileList>
  <FileList>
    <Version>1150201</Version>
    <FileName>help\image\hikakubtn4.gif</FileName>
  </FileList>
  <FileList>
    <Version>1150201</Version>
    <FileName>help\image\hikakubtn5.gif</FileName>
  </FileList>
  <FileList>
    <Version>1150201</Version>
    <FileName>help\image\hikakubtn6.gif</FileName>
  </FileList>
  <FileList>
    <Version>1150201</Version>
    <FileName>help\image\hikakubtn7.gif</FileName>
  </FileList>
  <FileList>
    <Version>1150201</Version>
    <FileName>help\image\indexandcomment.gif</FileName>
  </FileList>
  <FileList>
    <Version>1150201</Version>
    <FileName>help\image\inputdefault.gif</FileName>
  </FileList>
  <FileList>
    <Version>1150201</Version>
    <FileName>help\image\listpoint.gif</FileName>
  </FileList>
  <FileList>
    <Version>1150201</Version>
    <FileName>help\image\logo.gif</FileName>
  </FileList>
  <FileList>
    <Version>1150201</Version>
    <FileName>help\image\mailtopupu.gif</FileName>
  </FileList>
  <FileList>
    <Version>1150201</Version>
    <FileName>help\image\makeshortcut.gif</FileName>
  </FileList>
  <FileList>
    <Version>1150201</Version>
    <FileName>help\image\makeview1.gif</FileName>
  </FileList>
  <FileList>
    <Version>1150201</Version>
    <FileName>help\image\mdb2tblwin.gif</FileName>
  </FileList>
  <FileList>
    <Version>1150201</Version>
    <FileName>help\image\mdbicon.gif</FileName>
  </FileList>
  <FileList>
    <Version>1150201</Version>
    <FileName>help\image\menu_function01.gif</FileName>
  </FileList>
  <FileList>
    <Version>1150201</Version>
    <FileName>help\image\menu_function02.gif</FileName>
  </FileList>
  <FileList>
    <Version>1150201</Version>
    <FileName>help\image\menu_function03.gif</FileName>
  </FileList>
  <FileList>
    <Version>1150201</Version>
    <FileName>help\image\menu_kinou.gif</FileName>
  </FileList>
  <FileList>
    <Version>1150201</Version>
    <FileName>help\image\menu_mdb2exsittbl.gif</FileName>
  </FileList>
  <FileList>
    <Version>1150201</Version>
    <FileName>help\image\menu_mdb2newdb.gif</FileName>
  </FileList>
  <FileList>
    <Version>1150201</Version>
    <FileName>help\image\menu_mdb2newtbl.gif</FileName>
  </FileList>
  <FileList>
    <Version>1150201</Version>
    <FileName>help\image\menu_newdb.gif</FileName>
  </FileList>
  <FileList>
    <Version>1150201</Version>
    <FileName>help\image\menu_save01.gif</FileName>
  </FileList>
  <FileList>
    <Version>1150201</Version>
    <FileName>help\image\menu_save02.gif</FileName>
  </FileList>
  <FileList>
    <Version>1150201</Version>
    <FileName>help\image\menu_save03.gif</FileName>
  </FileList>
  <FileList>
    <Version>1150201</Version>
    <FileName>help\image\menu_xml2exsittbl.gif</FileName>
  </FileList>
  <FileList>
    <Version>1150201</Version>
    <FileName>help\image\menu_xml2newdb.gif</FileName>
  </FileList>
  <FileList>
    <Version>1150201</Version>
    <FileName>help\image\menu_xml2newtbl.gif</FileName>
  </FileList>
  <FileList>
    <Version>1150201</Version>
    <FileName>help\image\newicon.gif</FileName>
  </FileList>
  <FileList>
    <Version>1150201</Version>
    <FileName>help\image\newtblwin.gif</FileName>
  </FileList>
  <FileList>
    <Version>1150201</Version>
    <FileName>help\image\open.gif</FileName>
  </FileList>
  <FileList>
    <Version>1150201</Version>
    <FileName>help\image\opendb.gif</FileName>
  </FileList>
  <FileList>
    <Version>1150201</Version>
    <FileName>help\image\opentbl.gif</FileName>
  </FileList>
  <FileList>
    <Version>1150201</Version>
    <FileName>help\image\openzip.gif</FileName>
  </FileList>
  <FileList>
    <Version>1150201</Version>
    <FileName>help\image\option1.gif</FileName>
  </FileList>
  <FileList>
    <Version>1150201</Version>
    <FileName>help\image\option1.png</FileName>
  </FileList>
  <FileList>
    <Version>1150201</Version>
    <FileName>help\image\option2.gif</FileName>
  </FileList>
  <FileList>
    <Version>1150201</Version>
    <FileName>help\image\option2.png</FileName>
  </FileList>
  <FileList>
    <Version>1150201</Version>
    <FileName>help\image\option3.gif</FileName>
  </FileList>
  <FileList>
    <Version>1150201</Version>
    <FileName>help\image\optionbtn.gif</FileName>
  </FileList>
  <FileList>
    <Version>1150201</Version>
    <FileName>help\image\otherfunctionmenu.gif</FileName>
  </FileList>
  <FileList>
    <Version>1150201</Version>
    <FileName>help\image\otherfunctionmenu2.gif</FileName>
  </FileList>
  <FileList>
    <Version>1150201</Version>
    <FileName>help\image\primarykey.gif</FileName>
  </FileList>
  <FileList>
    <Version>1150201</Version>
    <FileName>help\image\quick.png</FileName>
  </FileList>
  <FileList>
    <Version>1150201</Version>
    <FileName>help\image\readoption.gif</FileName>
  </FileList>
  <FileList>
    <Version>1150201</Version>
    <FileName>help\image\relation.gif</FileName>
  </FileList>
  <FileList>
    <Version>1150201</Version>
    <FileName>help\image\renamefield.gif</FileName>
  </FileList>
  <FileList>
    <Version>1150201</Version>
    <FileName>help\image\replacedialog1.gif</FileName>
  </FileList>
  <FileList>
    <Version>1150201</Version>
    <FileName>help\image\replacedialog2.gif</FileName>
  </FileList>
  <FileList>
    <Version>1150201</Version>
    <FileName>help\image\runbtn.gif</FileName>
  </FileList>
  <FileList>
    <Version>1150201</Version>
    <FileName>help\image\runsql.gif</FileName>
  </FileList>
  <FileList>
    <Version>1150201</Version>
    <FileName>help\image\runsqlwindow.gif</FileName>
  </FileList>
  <FileList>
    <Version>1150201</Version>
    <FileName>help\image\searchdialog1.gif</FileName>
  </FileList>
  <FileList>
    <Version>1150201</Version>
    <FileName>help\image\searchdialog2.gif</FileName>
  </FileList>
  <FileList>
    <Version>1150201</Version>
    <FileName>help\image\seikibld.gif</FileName>
  </FileList>
  <FileList>
    <Version>1150201</Version>
    <FileName>help\image\seikibtn.gif</FileName>
  </FileList>
  <FileList>
    <Version>1150201</Version>
    <FileName>help\image\selectmaintable.gif</FileName>
  </FileList>
  <FileList>
    <Version>1150201</Version>
    <FileName>help\image\selectmdbtbl.gif</FileName>
  </FileList>
  <FileList>
    <Version>1150201</Version>
    <FileName>help\image\selecttable.gif</FileName>
  </FileList>
  <FileList>
    <Version>1150201</Version>
    <FileName>help\image\sqlfilter.gif</FileName>
  </FileList>
  <FileList>
    <Version>1150201</Version>
    <FileName>help\image\sqlview.gif</FileName>
  </FileList>
  <FileList>
    <Version>1150201</Version>
    <FileName>help\image\tablecopy01.gif</FileName>
  </FileList>
  <FileList>
    <Version>1150201</Version>
    <FileName>help\image\tablecopy02.gif</FileName>
  </FileList>
  <FileList>
    <Version>1150201</Version>
    <FileName>help\image\tablewin.gif</FileName>
  </FileList>
  <FileList>
    <Version>1150201</Version>
    <FileName>help\image\tbl.gif</FileName>
  </FileList>
  <FileList>
    <Version>1150201</Version>
    <FileName>help\image\tbldelicon.gif</FileName>
  </FileList>
  <FileList>
    <Version>1150201</Version>
    <FileName>help\image\tbldelwin.gif</FileName>
  </FileList>
  <FileList>
    <Version>1150201</Version>
    <FileName>help\image\tblname.gif</FileName>
  </FileList>
  <FileList>
    <Version>1150201</Version>
    <FileName>help\image\tblrename.gif</FileName>
  </FileList>
  <FileList>
    <Version>1150201</Version>
    <FileName>help\image\tblrenameicon.gif</FileName>
  </FileList>
  <FileList>
    <Version>1150201</Version>
    <FileName>help\image\totop.gif</FileName>
  </FileList>
  <FileList>
    <Version>1150201</Version>
    <FileName>help\image\v.gif</FileName>
  </FileList>
  <FileList>
    <Version>1150201</Version>
    <FileName>help\image\viewname.gif</FileName>
  </FileList>
  <FileList>
    <Version>1150201</Version>
    <FileName>help\image\viewwin.gif</FileName>
  </FileList>
  <FileList>
    <Version>1150201</Version>
    <FileName>help\image\where.gif</FileName>
  </FileList>
  <FileList>
    <Version>1150201</Version>
    <FileName>help\image\xmlicon.gif</FileName>
  </FileList>
  <FileList>
    <Version>1150201</Version>
    <FileName>help\image\_back.gif</FileName>
  </FileList>
  <FileList>
    <Version>1150201</Version>
    <FileName>help\image\_logo.gif</FileName>
  </FileList>
  <FileList>
    <Version>1150201</Version>
    <FileName>help\install\install.html</FileName>
  </FileList>
  <FileList>
    <Version>1150201</Version>
    <FileName>help\preface\aboutpupsqlite.html</FileName>
  </FileList>
  <FileList>
    <Version>1150201</Version>
    <FileName>help\tableedit\tbledit.html</FileName>
  </FileList>
  <FileList>
    <Version>1150201</Version>
    <FileName>help\tableedit\template.html</FileName>
  </FileList>
  <FileList>
    <Version>1150300</Version>
    <FileName>lang\English.xml</FileName>
    <md5>9e1b5b9e319ab5ab9159dbdc92225f90</md5>
  </FileList>
  <FileList>
    <Version>1150300</Version>
    <FileName>lang\日本語.xml</FileName>
    <md5>2971c8e19072306a84d83e4917781278</md5>
  </FileList>
  <FileList>
    <Version>1150300</Version>
    <FileName>FirebirdSql.Data.FirebirdClient.dll</FileName>
    <md5>927f7e8d86e7407c517088b1eb6443fc</md5>
  </FileList>
  <FileList>
    <Version>1150300</Version>
    <FileName>IntelliSense.db</FileName>
    <md5>aeac06df43411bc5b61941a569468bb7</md5>
  </FileList>
  <FileList>
    <Version>1150300</Version>
    <FileName>Interop.Excel.dll</FileName>
    <md5>acc6107f247164d8b03ae60d744e4619</md5>
  </FileList>
  <FileList>
    <Version>1150300</Version>
    <FileName>Interop.IWshRuntimeLibrary.dll</FileName>
    <md5>be4bc25a76eca7b4a5fbaa6c2b3d77ae</md5>
  </FileList>
  <FileList>
    <Version>1150300</Version>
    <FileName>MySql.Data.dll</FileName>
    <md5>880c83394fb47065082b8320918404bd</md5>
  </FileList>
  <FileList>
    <Version>1150300</Version>
    <FileName>System.Data.SQLite.dll</FileName>
    <md5>995a1470f65c78d1bc9d414e92d6dab8</md5>
  </FileList>
  <FileList>
    <Version>1150201</Version>
    <FileName>help\index.html</FileName>
  </FileList>
  <FileList>
    <Version>1150302</Version>
    <FileName>en\PupSQLite.resources.dll</FileName>
    <md5>b740040811581e0b19a877346c97584e</md5>
  </FileList>
  <FileList>
    <Version>1150302</Version>
    <FileName>ja\PupSQLite.resources.dll</FileName>
    <md5>080f8021f493df3f22ab4b37cf800a13</md5>
  </FileList>
  <FileList>
    <Version>1150305</Version>
    <FileName>PupSQLite.exe</FileName>
    <md5>e215a00f7833c7dddcc5500826852703</md5>
  </FileList>
  <FileList>
    <Version>1150305</Version>
    <FileName>readme.txt</FileName>
    <md5>de0de658a3d28bca24427b7cf00b1eb6</md5>
  </FileList>
  <FileList>
    <Version>1150305</Version>
    <FileName>release.html</FileName>
    <md5>c221a0181ff355d38774b372b41742cc</md5>
  </FileList>
</VersionUp>